name,website,email
Mr. Rooter Plumbing of South Central Connecticut,mrrooter.com,ibudeprecious87@gmail.com
Mr. Rooter Plumbing of South Central Connecticut,mrrooter.com,fb.oluwasey@gmail.com
Mr. Rooter Plumbing of South Central Connecticut,mrrooter.com,carmenita.jack@mrrootersea.com
Branford Winnelson,winsupplyinc.com,rhumphries@winsupply.com
Branford Winnelson,winsupplyinc.com,rgordon@winsupply.com
Branford Winnelson,winsupplyinc.com,newcomermj@msn.com
Peterson Plumbing Supply -Reinke Dealer,petersonplumbingsupply.com,ron.ford@petersonplumbingsupply.com
Peterson Plumbing Supply -Reinke Dealer,petersonplumbingsupply.com,ron@petersonplumbingsupply.com
Peterson Plumbing Supply -Reinke Dealer,petersonplumbingsupply.com,michael@petersonplumbingsupply.com
Mountainland Supply,mountainland.com,ashlie.mosher@mountainland.com
Mountainland Supply,mountainland.com,rachel.stanton@mountainland.com
Mountainland Supply,mountainland.com,crystal.kimbel@mountainland.com
"Southern Air Heating, Cooling, Plumbing & Electrical",southernairnow.com,pruett@southernairheatingandcooling.com
"Southern Air Heating, Cooling, Plumbing & Electrical",southernairnow.com,psmith-porter@msorchestra.com
"Southern Air Heating, Cooling, Plumbing & Electrical",southernairnow.com,cathy@southernairnow.com
Roto-Rooter Plumbing & Drain Services,rotorooter.com,jschingel@gmail.com
Roto-Rooter Plumbing & Drain Services,rotorooter.com,paul.w.hazlett@gmail.com
Roto-Rooter Plumbing & Drain Services,rotorooter.com,snowak@amosexteriors.com
Castleberry's Plumbing,castleberrysplumbing.com,cberryplumbing@gmail.com
Castleberry's Plumbing,castleberrysplumbing.com,krystalcastleberry1@gmail.com
Castleberry's Plumbing,castleberrysplumbing.com,krystal@castleberrysplumbing.com
Premier Generator Services Inc,premiergen.com,stephanie@premiergen.com
Premier Generator Services Inc,premiergen.com,john@premiergen.com
Premier Generator Services Inc,premiergen.com,iuliia@premiergen.com
Huffman Electrical Contractor Inc,huffmanelectricalcontractors.net,hecservice.asa@gmail.com
Huffman Electrical Contractor Inc,huffmanelectricalcontractors.net,jayjones@huffmanelectric.net
Huffman Electrical Contractor Inc,huffmanelectricalcontractors.net,john@huffmanelectricalcontractors.net
Integrated Power Services (IPS) - Birmingham,ips.us,abarlow@ips.us
Integrated Power Services (IPS) - Birmingham,ips.us,casey@nationalswitchgear.com
Integrated Power Services (IPS) - Birmingham,ips.us,al.jackson@ips.us
III Phase Inc,iiiphaseinc.com,iiiphase@bellsouth.net
III Phase Inc,iiiphaseinc.com,3phasebreakers@bellsouth.net
III Phase Inc,iiiphaseinc.com,k.guidi@iiiphaseinc.com
Monona Plumbing & Fire Protection,mononapfp.com,jsawyer@mononapfp.com
Monona Plumbing & Fire Protection,mononapfp.com,cmdanto@gmail.com
Monona Plumbing & Fire Protection,mononapfp.com,thelobracos@tds.net
"Action Plumbing, Heating, Air Conditioning and Electric, Inc.",iwantactionnow.com,johnrizek@hotmail.com
"Action Plumbing, Heating, Air Conditioning and Electric, Inc.",iwantactionnow.com,charlene@iwantactionnow.com
"Action Plumbing, Heating, Air Conditioning and Electric, Inc.",iwantactionnow.com,c.johnson@iwantactionnow.com
H.J. Pertzborn Plumbing and Fire Protection Corporation.,hjpertzborn.com,vripp@inxpress.net
H.J. Pertzborn Plumbing and Fire Protection Corporation.,hjpertzborn.com,rpertzborn@inxpress.net
H.J. Pertzborn Plumbing and Fire Protection Corporation.,hjpertzborn.com,pertzborn@inxpress.net
Mark's Reddi Rooter,marksrr.com,svillan@marksrr.com
Mark's Reddi Rooter,marksrr.com,mkelly@marksrr.com
Mark's Reddi Rooter,marksrr.com,jjones@marksrr.com
All Comfort Services,allcomfortservices.com,ldavies@allcomfortservices.com
All Comfort Services,allcomfortservices.com,kcurrier@allcomfortservices.com
All Comfort Services,allcomfortservices.com,tholt@allcomfortservices.com
Howe Brothers Plumbing LLC,howebrothers.com,carol@howebrothers.com
Howe Brothers Plumbing LLC,howebrothers.com,mark@howebrothers.com
Howe Brothers Plumbing LLC,howebrothers.com,phil@howebrothers.com
"Dave Jones - Plumbing, HVAC, Fire Protection, Electrical",davejonesllc.com,csr@davejonesinc.com
"Dave Jones - Plumbing, HVAC, Fire Protection, Electrical",davejonesllc.com,rxxxxxxxn@davejonesllc.com
"Dave Jones - Plumbing, HVAC, Fire Protection, Electrical",davejonesllc.com,csrmailbox@davejonesllc.com
Simonson Water Heaters,simonsonbros.com,steve@simonsonbros.com
Simonson Water Heaters,simonsonbros.com,simonsonjeff@aol.com
Simonson Water Heaters,simonsonbros.com,walter.simonsen@amd.com
1901 Inc.,1901inc.com,davidp@1901inc.com
1901 Inc.,1901inc.com,achristensen@1901inc.com
1901 Inc.,1901inc.com,spartanfball26@gmail.com
Lorentz Plumbing,lorentzplumbing.com,davlorjunk@gmail.com
Lorentz Plumbing,lorentzplumbing.com,c.lorentz@lorentzplumbing.com
Lorentz Plumbing,lorentzplumbing.com,lorentzplumbing@gmail.com
Plumbers Union Local 75 - Madison,plumbers75.com,phanus@plumbers75.com
Plumbers Union Local 75 - Madison,plumbers75.com,jay.mcirish@gmail.com
Plumbers Union Local 75 - Madison,plumbers75.com,wes@plumbers75.com
Harker Heating & Cooling,harkerheating.com,jasonjohn70@gmail.com
Harker Heating & Cooling,harkerheating.com,steve48670@aol.com
Harker Heating & Cooling,harkerheating.com,ruchti@strang-inc.com
Able Distributing - Madison,ablewi.com,john.clark@hajoca.com
Able Distributing - Madison,ablewi.com,john.hurlbut@hajoca.com
Able Distributing - Madison,ablewi.com,amy.parker@abledistributing.com
Benjamin Plumbing,benjaminplumbing.com,rlbenji@prodigy.net
Benjamin Plumbing,benjaminplumbing.com,dennis@benjaminplumbing.com
Benjamin Plumbing,benjaminplumbing.com,jay@benjaminplumbing.com
Ferguson Plumbing Supply,ferguson.com,jean.cordova@ferginc.com
Ferguson Plumbing Supply,ferguson.com,tony.dahl@ferginc.com
Ferguson Plumbing Supply,ferguson.com,ssmithson@libertyeq.com
Hot Water Products,hotwaterproducts.com,deb@american-boilers.com
Hot Water Products,hotwaterproducts.com,jellybone8@yahoo.com
Hot Water Products,hotwaterproducts.com,ryan.lange@localjobnetwork.com
"Allstar Plumbing And Septic Service, Inc.",allstar.plumbing,plumbing@allstarplumbingohio.com
"Allstar Plumbing And Septic Service, Inc.",allstar.plumbing,josh@allstarplumbing.co
"Allstar Plumbing And Septic Service, Inc.",allstar.plumbing,allstarplumbing@bellsouth.net
Nelson Plumbing Contractors,nelsonplumbing.us,kierlan@nelsonplumbing.us
Nelson Plumbing Contractors,nelsonplumbing.us,loni@nelsonplumbing.us
Nelson Plumbing Contractors,nelsonplumbing.us,david@nelsonplumbing.us
Avon Plumbing & Heating,avonplumbing.com,smoore@avonplumbing.com
Avon Plumbing & Heating,avonplumbing.com,dballou@avonplumbing.com
Avon Plumbing & Heating,avonplumbing.com,hmorrell@avonplumbing.com
Pipe Doctor Plumbing Service,thepipedoctorct.com,thepipedoctorct@gmail.com
Call The Bee,calltheb.com,info@calltheb.com
"Clog Master Plumbing, HVAC and Water Damage Restoration Services",clogmasterllc.com,fire_06786@yahoo.com
"Clog Master Plumbing, HVAC and Water Damage Restoration Services",clogmasterllc.com,t.mozelak@2seaburyretirement.com
"Clog Master Plumbing, HVAC and Water Damage Restoration Services",clogmasterllc.com,clogmasterllc@gmail.com
Anytime Sewer & Drain Services,anytimesewerct.com,anytimeboisvert@yahoo.com
Spargo Construction,spargoct.com,sprgoconst@gmail.com
Spargo Construction,spargoct.com,spargoml1@gmail.com
N&J Plumbing LLC,njplumbingllc.com,njplumbing60@gmail.com
N&J Plumbing LLC,njplumbingllc.com,office@njplumbingllc.com
Plimpton & Hills Farmington,plimptonhills.com,jeffb@plimptonhills.com
Plimpton & Hills Farmington,plimptonhills.com,alliedplumbing@hotmail.com
Plimpton & Hills Farmington,plimptonhills.com,joaquinc@plimptonhills.com
"Advance Plumbing & Heating (Drain Cleaning, Heating Contractor, Plumber)",advanceplumbingheating.com,azplumbers@aol.com
Jones Plumbing Service,jonesplumbingservice.jobbersites.com,jonesplumbingservice@outlook.com
Vermillion Plumbing LLC,vermillionplumbing.com,april@vermillionplumbing.com
Vermillion Plumbing LLC,vermillionplumbing.com,jamie@vermillionplumbing.com
Sander Plumbing Services,gmail.com,mjsander23@gmail.com
Schwalbach Plumbing & Heating,gmail.com,info.schwalbach@gmail.com
Hanson Enterprises LLC,yahoo.com,hansonenterprisesllc@yahoo.com
Hugo Plumbing and Pump Service Inc,frontiernet.net,hugoplumbing@frontiernet.net
Williams Heating & Air Inc,williams-heatandair.com,chase@williams-heatandair.com
C.BURGE & SONS PLUMBING LLC,gmail.com,colbyburge178@gmail.com
CESA Contractors Inc,cesacontractors.com,dadams@cesacontractors.com
CESA Contractors Inc,cesacontractors.com,asavage@cesacontractors.com
CESA Contractors Inc,cesacontractors.com,ckenned@cesacontractors.com
Bass Maintenance,bassmaintenance.com,jmorris@bassmaintenance.com
Bass Maintenance,bassmaintenance.com,jneal@bassmaintenance.com
Bass Maintenance,bassmaintenance.com,cfelts@bassmaintenance.com
Mike Norr Plumbing,gmail.com,mikenorrplumbing.billing@gmail.com
John Plumbing,hotmail.com,johnplumbing@hotmail.com
Gilbert Plumbing & Mechanical,gmail.com,lancegilbert12@gmail.com
Gilbert Plumbing & Mechanical,gilbertplumbinghelp.com,john@gilbertplumbinghelp.com
Rhino Rooter,xyzmarketing.xyz,office@xyzmarketing.xyz
Rhino Rooter,rhinorooter.net,john@rhinorooter.net
Larsen Brothers Plumbing & Heating Inc,larsenbrosplumbing.com,alan@larsenbrosplumbing.com
Larsen Brothers Plumbing & Heating Inc,larsenbrosplumbing.com,brenda@larsenbrosplumbing.com
Larsen Brothers Plumbing & Heating Inc,gmail.com,larsenbrosplumbing@gmail.com
Thomas & Sons Plumbing Services,thomasandsonsplumbing.com,info@thomasandsonsplumbing.com
True Flow Services,callaplusnow.com,info@callaplusnow.com
True Flow Services,gmail.com,trueflowservicesllc@gmail.com
Anschutz Plumbing & Heating,anschutzplumbing.com,james@anschutzplumbing.com
Anschutz Plumbing & Heating,anschutzplumbing.com,jim@anschutzplumbing.com
Anschutz Plumbing & Heating,anschutzplumbing.com,j.anschutz@anschutzplumbing.com
Peil Sanitation,peilsanitation.com,lgilbert@peilsanitation.com
Peil Sanitation,peilsanitation.com,eadam@peilsanitation.com
Peil Sanitation,peilsanitation.com,kjohns@peilsanitation.com
Roto-Rooter Plumbing & Water Cleanup,gmail.com,jschingel@gmail.com
Roto-Rooter Plumbing & Water Cleanup,gmail.com,paul.w.hazlett@gmail.com
Roto-Rooter Plumbing & Water Cleanup,amosexteriors.com,info@amosexteriors.com
"Standard Heating, Cooling & Plumbing",outlook.com,carlbailey30@outlook.com
"Standard Heating, Cooling & Plumbing",standardheating.net,service@standardheating.net
"Mr. Drippy Plumbing | Plumber, Sewer Line Repair, Tankless Water Heater Repair & Water Damage Restoration Birmingham, AL",mrdrippyplumbing.com,service@mrdrippyplumbing.com
"Mr. Drippy Plumbing | Plumber, Sewer Line Repair, Tankless Water Heater Repair & Water Damage Restoration Birmingham, AL",mrdrippyplumbing.com,service@mrdrippyplumbing.com
"Mr. Drippy Plumbing | Plumber, Sewer Line Repair, Tankless Water Heater Repair & Water Damage Restoration Birmingham, AL",mrdrippyplumbing.com,service@mrdrippyplumbing.com
"Hiller Plumbing, Heating, Cooling & Electrical",hillerplumbing.com,mreynolds@hillerplumbing.com
"Hiller Plumbing, Heating, Cooling & Electrical",hillerphc.com,dfulton@hillerphc.com
"Hiller Plumbing, Heating, Cooling & Electrical",comcast.net,edwardssix@comcast.net
Eagle Service Company,eagleservicecompany.com,info@eagleservicecompany.com
Eagle Service Company,jeffcoat.us,john@jeffcoat.us
Eagle Service Company,eagleservicecompany.com,customerservice@eagleservicecompany.com
"New Era Plumbing, Inc.",newera-plumbing.com,john@newera-plumbing.com
